ImageId,EncodedPixels
00002bd58.jpg,
00015efb6.jpg,
00023d5fc.jpg,
000367c13.jpg,
0008ca6e9.jpg,
000a4635f.jpg,
000bd9dbf.jpg,
000f7d875.jpg,
0010551d9.jpg,
001839c6f.jpg,260174 1 261708 1 341384 1 342920 1
002a943bf.jpg,518204 1
00313b166.jpg,
00327b02d.jpg,
0035268d9.jpg,318342 1 319880 1 320646 1 392326 1 392332 1 393860 1 393864 3 393866 1 393868 1 393872 3 394634 3 394638 2 395394 1 395396 1 395402 5 395410 7 395416 1 396176 11 396178 1 396950 21 396952 1 396954 1 397714 14 397716 1 397718 1 397722 1 398466 1 398490 23 398492 1 398494 1 399260 25 400032 31 400794 23 400796 1 400798 1 401568 29 402334 25 402336 1 403104 27 403870 23 404642 27 405384 1 405408 23 406152 1 406176 23 406922 1 406944 21 407690 1 407712 21 408460 1 408480 19 409228 1 409247 18 410014 15 410766 1 410778 11 410780 1 410782 1 411540 1 411544 3 411548 3 412308 1
003b58a76.jpg,
0044e3dda.jpg,
0046967a4.jpg,
004751507.jpg,
0047c79fc.jpg,
004946ceb.jpg,
004dd347a.jpg,
00506a19e.jpg,
0057c059b.jpg,
005b8152d.jpg,
0063cb1e9.jpg,
00696ecc2.jpg,
006ba5b3b.jpg,
007211988.jpg,
007545acc.jpg,
0075cd3f1.jpg,
007600ece.jpg,
0079b4767.jpg,
007d5b489.jpg,
007efb5a8.jpg,
0082bf10a.jpg,
0088eb4ba.jpg,
00893e3f7.jpg,
0089d5f39.jpg,
008c483bb.jpg,
008c79db7.jpg,
008f038d3.jpg,513364 10 514133 13 514903 18 515672 21 516442 25 517210 25 517979 28 518748 30 519517 32 520285 32 521054 35 521823 36 522592 39 523359 38 524128 40 524897 42 525665 42 526433 43 527201 44 527970 45 528738 46 529506 46 530274 47 531042 47 531810 47 532578 47 533346 49 534114 48 534882 49 535650 49 536418 50 537185 49 537953 49 538721 49 539488 49 540256 49 541024 49 541791 48 542558 47 543326 47 544094 47 544861 46 545629 46 546396 45 547164 45 547931 44 548699 44 549467 44 550234 43 551001 42 551768 41 552535 39 553302 37 554069 36 554836 35 555603 33 556369 30 557135 27 557137 1 557903 27 558669 23 558671 1 559436 21 560203 17 560969 12 561727 1 561729 1 561731 1 561733 1 561735 1
00946da5e.jpg,
00973e661.jpg,
009bc4be5.jpg,
009c7f8ec.jpg,105040 7 105042 1 105810 9 106580 15 107348 15 108116 19 108885 20 109653 22 110421 22 111188 23 111956 24 112724 25 113492 25 114258 25 115026 25 115794 27 116561 26 117328 27 118095 27 118834 1 118862 27 119630 27 120398 29 121163 26 121165 1 121931 28 122698 27 123464 27 124232 26 124998 25 125765 24 126532 23 127299 23 128065 22 128832 20 129580 1 129598 17 130365 16 131132 15 131897 11 132656 1 132660 3 132662 1
00a2aca2f.jpg,
00a3a9d72.jpg,
00a3ab3cc.jpg,330430 1 330438 7 331198 1 331206 7 331976 14 332743 12 333496 1 333512 15 334264 1 334280 15 335048 19 335798 1 335800 1 335802 1 335814 11 336558 1 336562 3 336566 3 336570 3 336582 11 336584 1 337330 1 337336 2 337339 1 337350 10 338092 1 338096 3 338100 3 338102 1 338104 1 338106 1 338108 1 338110 1 338112 1 338114 1 338116 1 338860 1 338864 3 339626 3 339632 5 339634 1 340396 2 340398 1 341168 11 341931 4 342690 1 342698 7 342700 1 343466 6 344226 1 344232 5 344234 1 344998 1 345760 1 345762 1 345766 3 345768 1 346532 1 347298 1 347300 1
00a9fb8a3.jpg,
00aa2fc5b.jpg,
00aa79c47.jpg,
00ad3807a.jpg,
00b2729f6.jpg,
00b40cf94.jpg,
00b5d1608.jpg,
00ba8acbb.jpg,
00bc83e03.jpg,
00bfe3afa.jpg,
00c04bea5.jpg,
00c3d29c9.jpg,
00c3db267.jpg,143380 1 143382 1 143384 1 143386 1 144148 1 144152 2 144884 1 144886 1 144888 1 144890 1 144892 1 144894 1 144924 11 144926 1 144928 1 145654 1 145656 1 145658 1 145682 1 145692 9 145694 1 146416 1 146430 13 146432 1 146434 1 146462 15 146464 1 146480 1 147184 1 147197 12 147199 1 147228 11 147231 2 147968 19 147984 1 147998 13 148000 1 148734 17 148754 2 148766 11 149502 19 149504 1 149520 1 149530 9 149532 1 149534 1 149554 1 150269 16 150271 1 150300 10 151020 1 151038 17 151066 9 151805 17 151826 1 151831 4 151833 1 152572 15 152594 1 152600 5 153339 14 153366 3 154106 13 154132 1 154134 1 154872 8 155634 1 155638 3 155640 1
00c9662ee.jpg,
00d703c55.jpg,
00d84b248.jpg,
00dc34840.jpg,18620 1 19390 1 20152 1 20164 11 20934 13 21706 19 22475 19 23246 23 23992 1 24015 22 24788 29 25557 29 26294 1 26330 35 27064 1 27098 33 27870 41 28600 1 28638 37 28640 1 29412 45 30182 47 30904 1 30956 51 31674 1 31724 49 31726 1 32442 1 32497 54 33212 1 33266 53 33982 1 33984 1 34037 52 34806 51 35522 1 35524 1 35526 1 35578 51 36294 1 36296 1 36346 49 37064 1 37066 1 37068 1 37117 48 37838 1 37886 47 38656 49 39424 46 40148 1 40195 46 40962 41 41732 43 42460 1 42500 39 43230 1 43268 37 43270 1 44002 1 44034 31 44036 1 44038 1 44770 1 44802 31 44804 1 45544 1 45569 24 45571 1 46316 3 46336 19 46338 1 47086 1 47090 3 47094 3 47096 1 47854 1 47858 1 47862 3 47864 1 47866 1 259956 1 259958 1 259960 1 261492 1 261496 2 261498 1 261500 1 261502 1 261504 1 262264 1 262266 1 262268 1 262270 1 263030 1 263032 1 263034 1 263038 3 263040 1 263042 1 263044 1 263804 1 263806 1 263808 1 263812 2 264572 1 264574 1 264576 1 264578 1 264580 1 264582 1 264584 1 265342 1 265346 3 265350 3 265352 1 265354 1 266110 1 266112 1 266114 1 266116 1 266122 5 266124 1 266126 1 266888 2 266890 1 266892 1 267652 1 267656 1 267658 1 267662 3 267666 3 268430 1 268434 3 269190 1 269192 1 269194 1 269198 3 269206 7 269208 1 269968 1 269975 6 270732 1 270734 1 270736 1 270738 1 270748 9 271506 1 271508 1 271510 1 271512 1 271514 1 271516 1 272276 1 272278 1 272280 1 272282 1 272284 1 272286 1 272288 1 273054 1 273818 1 273822 1 273824 1 416362 1 417892 1 417906 13 417908 1 418662 1 418674 11 418676 1 419426 1 419448 21 420196 1 420216 19 420964 1 420988 23 421756 25 422496 1 422498 1 422502 3 422526 23 423296 26 424032 1 424036 1 424066 29 424068 1 424810 1 424836 25 424838 1 425568 1 425570 1 425572 1 425574 1 425578 3 425606 27 425610 3 426340 1 426344 2 426376 31 426378 1 427108 1 427148 39 427150 1 427882 1 427885 2 427890 1 427894 1 427920 19 428650 2 428652 1 428654 1 428656 1 428658 1 428660 1 428666 1 428670 1 428674 3 428692 17 429443 1 429460 16 429462 1 430192 1 430212 1 430216 3 430234 17 430986 1 431002 15 431752 1 431754 1 431774 19 431776 1 432528 2 432544 15 433294 1 433318 23 434068 1 434070 1 434086 15 434834 1 434836 1 434858 21 434860 1 435628 22 436376 1 436400 23 436402 1 437150 1 437170 19 437914 1 437918 2 437942 23 438708 19 438710 1 439456 1 439480 23 440230 1 440250 19 440994 1 440996 1 440998 1 441000 1 441002 1 441018 15 441020 1 441788 17 442540 1 442560 19 443326 15 444078 1 444080 1 444082 1 444094 11 444096 1 444852 1 444856 3 444864 7 445620 1 445624 3 445628 3 445631 2 446394 1 446396 1 446398 1 447160 1
00de449b2.jpg,
00e5fb033.jpg,
00e7432b2.jpg,
00e90efc3.jpg,
00e98bc93.jpg,
00ea015c8.jpg,
00f213eee.jpg,
00f2183ab.jpg,
00f9b2c9b.jpg,
00fa68a59.jpg,215456 1 215458 1 215460 1 215464 3 215466 1 216226 1 216234 7 216990 1 217006 15 217058 1 217064 1 217774 15 218526 1 218544 17 218602 15 218604 1 219312 17 219314 1 219354 1 219358 2 219370 11 219372 1 220032 1 220038 1 220082 21 220084 1 220086 1 220118 1 220142 23 220144 1 220851 21 220888 1 220910 21 221564 1 221570 5 221572 1 221574 1 221620 23 221624 1 221628 1 221632 1 221636 1 221640 1 221644 1 221648 1 221652 1 221680 27 222338 2 222340 1 222386 21 222398 1 222414 1 222418 1 222420 1 222446 25 223098 1 223100 1 223102 1 223106 3 223108 1 223110 1 223154 21 223156 1 223158 1 223166 1 223168 1 223170 1 223174 1 223178 1 223182 1 223184 1 223186 1 223218 31 223868 1 223872 3 223875 1 223922 20 223924 1 223985 31 224636 3 224642 5 224644 1 224688 19 224690 1 224718 1 224720 1 224752 31 224754 1 224756 1 224832 1 224838 1 224840 1 224842 1 225406 1 225408 1 225454 15 225522 29 225610 1 225614 1 226170 1 226172 1 226174 1 226176 1 226222 17 226224 1 226258 1 226290 31 226292 1 226368 1 226370 1 226374 3 226378 3 226384 5 226940 1 226989 16 227056 26 227059 2 227140 2 227152 11 227756 15 227800 1 227828 27 227902 1 227904 1 227922 17 228522 11 228593 24 228674 1 228690 15 229280 1 229286 5 229289 2 229338 1 229360 21 229362 1 229458 17 229460 1 230052 1 230054 1 230056 1 230108 1 230128 19 230212 1 230227 14 230894 17 230896 1 230980 1 230994 13 230996 1 231646 1 231662 15 231762 13 232414 1 232430 15 232530 13 233196 13 233288 1 233297 8 233962 9 234056 1 234058 1 234060 1 234064 3 234722 1 234726 3 234728 1 234828 1 234830 1 235490 1 235494 3 235496 1
00ffdbb8e.jpg,
0102eb3b5.jpg,317167 8 317935 8 318703 16 319471 17 320239 24 321007 26 321775 28 322543 30 323311 34 324079 35 324847 38 325576 1 325615 38 326383 42 327151 44 327919 48 328687 50 329455 52 330223 54 330991 56 331759 57 332527 60 333234 1 333295 60 334063 65 334831 66 335528 1 335596 67 335598 1 336365 70 337130 71 337897 72 338663 74 339430 73 340194 71 340196 1 340961 71 341727 70 342493 68 343258 67 344024 65 344788 63 345494 1 345546 51 345549 2 346314 53 346316 1 347081 52 347846 51 348614 50 349380 49 350147 47 350912 45 351677 42 352402 1 352440 37 352442 1 353207 36 353972 33 354738 31 355506 31 356272 27 357014 1 357036 21 357038 1 357790 1 357802 11
0103bcfaa.jpg,
010aae011.jpg,
011409565.jpg,
011cb4ce6.jpg,
011ee8cd9.jpg,
012473874.jpg,
012f67453.jpg,
0133a2f8b.jpg,
013413f81.jpg,
015328193.jpg,
0154258e9.jpg,
015c36cf6.jpg,
015c5d101.jpg,
016053b1c.jpg,
01605ccc9.jpg,
0168fe8e9.jpg,
016e4e530.jpg,
017b0f783.jpg,
017d29096.jpg,
01801b747.jpg,
018d23aea.jpg,
018ff73f3.jpg,
0194130f1.jpg,
